<?xml version="1.0" encoding="UTF-8"?>
<!DOCTYPE nmaprun>
<?xml-stylesheet href="file:///usr/bin/../share/nmap/nmap.xsl" type="text/xsl"?>
<!-- Nmap 7.70 scan initiated Sat Oct 19 14:42:56 2019 as: nmap -vv -&#45;reason -Pn -A -&#45;osscan-guess -&#45;version-all -p- -oN /root/Desktop/pentesting-tools/AutoRecon-master/results/10.10.10.74/scans/_full_tcp_nmap.txt -oX /root/Desktop/pentesting-tools/AutoRecon-master/results/10.10.10.74/scans/xml/_full_tcp_nmap.xml 10.10.10.74 -->
<nmaprun scanner="nmap" args="nmap -vv -&#45;reason -Pn -A -&#45;osscan-guess -&#45;version-all -p- -oN /root/Desktop/pentesting-tools/AutoRecon-master/results/10.10.10.74/scans/_full_tcp_nmap.txt -oX /root/Desktop/pentesting-tools/AutoRecon-master/results/10.10.10.74/scans/xml/_full_tcp_nmap.xml 10.10.10.74" start="1571510576" startstr="Sat Oct 19 14:42:56 2019" version="7.70" xmloutputversion="1.04">
<scaninfo type="syn" protocol="tcp" numservices="65535" services="1-65535"/>
<verbose level="2"/>
<debugging level="0"/>
<taskbegin task="NSE" time="1571510576"/>
<taskend task="NSE" time="1571510576"/>
<taskbegin task="NSE" time="1571510576"/>
<taskend task="NSE" time="1571510576"/>
<taskbegin task="Parallel DNS resolution of 1 host." time="1571510576"/>
<taskend task="Parallel DNS resolution of 1 host." time="1571510576"/>
<taskbegin task="SYN Stealth Scan" time="1571510576"/>
<taskprogress task="SYN Stealth Scan" time="1571510736" percent="1.21" remaining="13030" etc="1571523765"/>
<taskprogress task="SYN Stealth Scan" time="1571511348" percent="5.87" remaining="12370" etc="1571523717"/>
<taskprogress task="SYN Stealth Scan" time="1571512008" percent="10.90" remaining="11709" etc="1571523717"/>
<taskprogress task="SYN Stealth Scan" time="1571512659" percent="15.86" remaining="11050" etc="1571523708"/>
<taskprogress task="SYN Stealth Scan" time="1571513316" percent="20.87" remaining="10391" etc="1571523707"/>
<taskprogress task="SYN Stealth Scan" time="1571513929" percent="26.16" remaining="9467" etc="1571523395"/>
<taskprogress task="SYN Stealth Scan" time="1571513959" percent="39.76" remaining="5126" etc="1571519085"/>
<taskprogress task="SYN Stealth Scan" time="1571513989" percent="53.39" remaining="2980" etc="1571516968"/>
<taskprogress task="SYN Stealth Scan" time="1571514019" percent="67.02" remaining="1694" etc="1571515713"/>
<taskprogress task="SYN Stealth Scan" time="1571514049" percent="83.37" remaining="693" etc="1571514742"/>
<taskend task="SYN Stealth Scan" time="1571514078" extrainfo="65535 total ports"/>
<taskbegin task="Service scan" time="1571514078"/>
<taskend task="Service scan" time="1571514084" extrainfo="2 services on 1 host"/>
<taskbegin task="Traceroute" time="1571514088"/>
<taskend task="Traceroute" time="1571514088"/>
<taskbegin task="Parallel DNS resolution of 2 hosts." time="1571514088"/>
<taskend task="Parallel DNS resolution of 2 hosts." time="1571514088"/>
<taskbegin task="NSE" time="1571514089"/>
<taskend task="NSE" time="1571514089"/>
<taskbegin task="NSE" time="1571514089"/>
<taskend task="NSE" time="1571514089"/>
<host starttime="1571510576" endtime="1571514089"><status state="up" reason="user-set" reason_ttl="0"/>
<address addr="10.10.10.74" addrtype="ipv4"/>
<hostnames>
</hostnames>
<ports><extraports state="filtered" count="65533">
<extrareasons reason="no-responses" count="65533"/>
</extraports>
<port protocol="tcp" portid="9255"><state state="open" reason="syn-ack" reason_ttl="127"/><service name="http" product="AChat chat system httpd" method="probed" conf="10"/><script id="http-favicon" output="Unknown favicon MD5: 0B6115FAE5429FEB9A494BEE6B18ABBE"/><script id="http-methods" output="&#xa;  Supported Methods: GET HEAD POST OPTIONS"><table key="Supported Methods">
<elem>GET</elem>
<elem>HEAD</elem>
<elem>POST</elem>
<elem>OPTIONS</elem>
</table>
</script><script id="http-server-header" output="AChat"><elem>AChat</elem>
</script><script id="http-title" output="Site doesn&apos;t have a title."></script></port>
<port protocol="tcp" portid="9256"><state state="open" reason="syn-ack" reason_ttl="127"/><service name="achat" product="AChat chat system" method="probed" conf="10"/></port>
</ports>
<os><portused state="open" proto="tcp" portid="9255"/>
<osmatch name="Microsoft Windows 7 or Windows Server 2008 R2" accuracy="91" line="73917">
<osclass type="general purpose" vendor="Microsoft" osfamily="Windows" osgen="2008" accuracy="91"><cpe>cpe:/o:microsoft:windows_server_2008:r2</cpe></osclass>
<osclass type="general purpose" vendor="Microsoft" osfamily="Windows" osgen="7" accuracy="91"><cpe>cpe:/o:microsoft:windows_7</cpe></osclass>
</osmatch>
<osmatch name="Microsoft Windows Server 2008 R2" accuracy="91" line="74136">
<osclass type="general purpose" vendor="Microsoft" osfamily="Windows" osgen="2008" accuracy="91"><cpe>cpe:/o:microsoft:windows_server_2008:r2</cpe></osclass>
</osmatch>
<osmatch name="Microsoft Windows Server 2008 R2 SP1 or Windows 8" accuracy="91" line="74646">
<osclass type="general purpose" vendor="Microsoft" osfamily="Windows" osgen="2008" accuracy="91"><cpe>cpe:/o:microsoft:windows_server_2008:r2:sp1</cpe></osclass>
<osclass type="general purpose" vendor="Microsoft" osfamily="Windows" osgen="8" accuracy="91"><cpe>cpe:/o:microsoft:windows_8</cpe></osclass>
</osmatch>
<osmatch name="Microsoft Windows 7" accuracy="91" line="75992">
<osclass type="general purpose" vendor="Microsoft" osfamily="Windows" osgen="7" accuracy="91"><cpe>cpe:/o:microsoft:windows_7</cpe></osclass>
</osmatch>
<osmatch name="Microsoft Windows 7 Professional or Windows 8" accuracy="91" line="76543">
<osclass type="general purpose" vendor="Microsoft" osfamily="Windows" osgen="7" accuracy="91"><cpe>cpe:/o:microsoft:windows_7::-:professional</cpe></osclass>
<osclass type="general purpose" vendor="Microsoft" osfamily="Windows" osgen="8" accuracy="91"><cpe>cpe:/o:microsoft:windows_8</cpe></osclass>
</osmatch>
<osmatch name="Microsoft Windows 7 SP1 or Windows Server 2008 SP2 or 2008 R2 SP1" accuracy="91" line="77277">
<osclass type="general purpose" vendor="Microsoft" osfamily="Windows" osgen="7" accuracy="91"><cpe>cpe:/o:microsoft:windows_7::sp1</cpe></osclass>
<osclass type="general purpose" vendor="Microsoft" osfamily="Windows" osgen="2008" accuracy="91"><cpe>cpe:/o:microsoft:windows_server_2008::sp2</cpe><cpe>cpe:/o:microsoft:windows_server_2008:r2:sp1</cpe></osclass>
</osmatch>
<osmatch name="Microsoft Windows Vista SP0 or SP1, Windows Server 2008 SP1, or Windows 7" accuracy="91" line="79575">
<osclass type="general purpose" vendor="Microsoft" osfamily="Windows" osgen="Vista" accuracy="91"><cpe>cpe:/o:microsoft:windows_vista::-</cpe><cpe>cpe:/o:microsoft:windows_vista::sp1</cpe></osclass>
<osclass type="general purpose" vendor="Microsoft" osfamily="Windows" osgen="2008" accuracy="91"><cpe>cpe:/o:microsoft:windows_server_2008::sp1</cpe></osclass>
<osclass type="general purpose" vendor="Microsoft" osfamily="Windows" osgen="7" accuracy="91"><cpe>cpe:/o:microsoft:windows_7</cpe></osclass>
</osmatch>
<osmatch name="Microsoft Windows Vista SP2" accuracy="91" line="79804">
<osclass type="general purpose" vendor="Microsoft" osfamily="Windows" osgen="Vista" accuracy="91"><cpe>cpe:/o:microsoft:windows_vista::sp2</cpe></osclass>
</osmatch>
<osmatch name="Microsoft Windows Server 2008 R2 SP1" accuracy="90" line="74536">
<osclass type="general purpose" vendor="Microsoft" osfamily="Windows" osgen="2008" accuracy="90"><cpe>cpe:/o:microsoft:windows_server_2008:r2:sp1</cpe></osclass>
</osmatch>
<osmatch name="Microsoft Windows Vista SP2, Windows 7 SP1, or Windows Server 2008" accuracy="90" line="79847">
<osclass type="general purpose" vendor="Microsoft" osfamily="Windows" osgen="Vista" accuracy="90"><cpe>cpe:/o:microsoft:windows_vista::sp2</cpe></osclass>
<osclass type="general purpose" vendor="Microsoft" osfamily="Windows" osgen="7" accuracy="90"><cpe>cpe:/o:microsoft:windows_7::sp1</cpe></osclass>
<osclass type="general purpose" vendor="Microsoft" osfamily="Windows" osgen="2008" accuracy="90"><cpe>cpe:/o:microsoft:windows_server_2008</cpe></osclass>
</osmatch>
<osfingerprint fingerprint="SCAN(V=7.70%E=4%D=10/19%OT=9255%CT=%CU=%PV=Y%DS=2%DC=T%G=N%TM=5DAB66E9%P=i686-pc-linux-gnu)&#xa;SEQ(SP=106%GCD=1%ISR=10F%TI=I%II=I%SS=S%TS=7)&#xa;OPS(O1=M54DNW8ST11%O2=M54DNW8ST11%O3=M54DNW8NNT11%O4=M54DNW8ST11%O5=M54DNW8ST11%O6=M54DST11)&#xa;WIN(W1=2000%W2=2000%W3=2000%W4=2000%W5=2000%W6=2000)&#xa;ECN(R=Y%DF=Y%TG=80%W=2000%O=M54DNW8NNS%CC=N%Q=)&#xa;T1(R=Y%DF=Y%TG=80%S=O%A=S+%F=AS%RD=0%Q=)&#xa;T2(R=N)&#xa;T3(R=N)&#xa;T4(R=N)&#xa;U1(R=N)&#xa;IE(R=Y%DFI=N%TG=80%CD=Z)&#xa;"/>
</os>
<uptime seconds="6449" lastboot="Sat Oct 19 13:54:00 2019"/>
<distance value="2"/>
<tcpsequence index="262" difficulty="Good luck!" values="B85AAAA1,2FE45759,A0E22DF1,2D914493,4041FD67,DD716B29"/>
<ipidsequence class="Incremental" values="10A1,10A2,10A3,10A4,10A5,10A6"/>
<tcptssequence class="100HZ" values="9D6A4,9D6AE,9D6B8,9D6C2,9D6CC,9D6D6"/>
<trace port="9256" proto="tcp">
<hop ttl="1" ipaddr="10.10.14.1" rtt="17.34"/>
<hop ttl="2" ipaddr="10.10.10.74" rtt="18.94"/>
</trace>
<times srtt="18876" rttvar="279" to="100000"/>
</host>
<taskbegin task="NSE" time="1571514089"/>
<taskend task="NSE" time="1571514089"/>
<taskbegin task="NSE" time="1571514089"/>
<taskend task="NSE" time="1571514089"/>
<runstats><finished time="1571514089" timestr="Sat Oct 19 15:41:29 2019" elapsed="3514.03" summary="Nmap done at Sat Oct 19 15:41:29 2019; 1 IP address (1 host up) scanned in 3514.03 seconds" exit="success"/><hosts up="1" down="0" total="1"/>
</runstats>
</nmaprun>
