<?xml version="1.0" encoding="UTF-8"?>
<!DOCTYPE nmaprun>
<?xml-stylesheet href="file:///usr/bin/../share/nmap/nmap.xsl" type="text/xsl"?>
<!-- Nmap 7.70 scan initiated Sat Oct 19 14:42:56 2019 as: nmap -vv -&#45;reason -Pn -sU -A -&#45;top-ports=20 -&#45;version-all -oN /root/Desktop/pentesting-tools/AutoRecon-master/results/10.10.10.74/scans/_top_20_udp_nmap.txt -oX /root/Desktop/pentesting-tools/AutoRecon-master/results/10.10.10.74/scans/xml/_top_20_udp_nmap.xml 10.10.10.74 -->
<nmaprun scanner="nmap" args="nmap -vv -&#45;reason -Pn -sU -A -&#45;top-ports=20 -&#45;version-all -oN /root/Desktop/pentesting-tools/AutoRecon-master/results/10.10.10.74/scans/_top_20_udp_nmap.txt -oX /root/Desktop/pentesting-tools/AutoRecon-master/results/10.10.10.74/scans/xml/_top_20_udp_nmap.xml 10.10.10.74" start="1571510576" startstr="Sat Oct 19 14:42:56 2019" version="7.70" xmloutputversion="1.04">
<scaninfo type="udp" protocol="udp" numservices="20" services="53,67-69,123,135,137-139,161-162,445,500,514,520,631,1434,1900,4500,49152"/>
<verbose level="2"/>
<debugging level="0"/>
<taskbegin task="NSE" time="1571510576"/>
<taskend task="NSE" time="1571510576"/>
<taskbegin task="NSE" time="1571510576"/>
<taskend task="NSE" time="1571510576"/>
<taskbegin task="Parallel DNS resolution of 1 host." time="1571510576"/>
<taskend task="Parallel DNS resolution of 1 host." time="1571510576"/>
<taskbegin task="UDP Scan" time="1571510576"/>
<taskend task="UDP Scan" time="1571510581" extrainfo="20 total ports"/>
<taskbegin task="Service scan" time="1571510582"/>
<taskprogress task="Service scan" time="1571510804" percent="5.00" remaining="4218" etc="1571515022"/>
<taskend task="Service scan" time="1571510814" extrainfo="20 services on 1 host"/>
<taskbegin task="Traceroute" time="1571510817"/>
<taskend task="Traceroute" time="1571510817"/>
<taskbegin task="Parallel DNS resolution of 2 hosts." time="1571510817"/>
<taskend task="Parallel DNS resolution of 2 hosts." time="1571510817"/>
<taskbegin task="NSE" time="1571510817"/>
<taskend task="NSE" time="1571510837"/>
<taskbegin task="NSE" time="1571510837"/>
<taskend task="NSE" time="1571510838"/>
<host starttime="1571510576" endtime="1571510838"><status state="up" reason="user-set" reason_ttl="0"/>
<address addr="10.10.10.74" addrtype="ipv4"/>
<hostnames>
</hostnames>
<ports><port protocol="udp" portid="53"><state state="open|filtered" reason="no-response" reason_ttl="0"/><service name="domain" method="table" conf="3"/></port>
<port protocol="udp" portid="67"><state state="open|filtered" reason="no-response" reason_ttl="0"/><service name="dhcps" method="table" conf="3"/></port>
<port protocol="udp" portid="68"><state state="open|filtered" reason="no-response" reason_ttl="0"/><service name="dhcpc" method="table" conf="3"/></port>
<port protocol="udp" portid="69"><state state="open|filtered" reason="no-response" reason_ttl="0"/><service name="tftp" method="table" conf="3"/></port>
<port protocol="udp" portid="123"><state state="open|filtered" reason="no-response" reason_ttl="0"/><service name="ntp" method="table" conf="3"/></port>
<port protocol="udp" portid="135"><state state="open|filtered" reason="no-response" reason_ttl="0"/><service name="msrpc" method="table" conf="3"/></port>
<port protocol="udp" portid="137"><state state="open|filtered" reason="no-response" reason_ttl="0"/><service name="netbios-ns" method="table" conf="3"/></port>
<port protocol="udp" portid="138"><state state="open|filtered" reason="no-response" reason_ttl="0"/><service name="netbios-dgm" method="table" conf="3"/></port>
<port protocol="udp" portid="139"><state state="open|filtered" reason="no-response" reason_ttl="0"/><service name="netbios-ssn" method="table" conf="3"/></port>
<port protocol="udp" portid="161"><state state="open|filtered" reason="no-response" reason_ttl="0"/><service name="snmp" method="table" conf="3"/></port>
<port protocol="udp" portid="162"><state state="open|filtered" reason="no-response" reason_ttl="0"/><service name="snmptrap" method="table" conf="3"/></port>
<port protocol="udp" portid="445"><state state="open|filtered" reason="no-response" reason_ttl="0"/><service name="microsoft-ds" method="table" conf="3"/></port>
<port protocol="udp" portid="500"><state state="open|filtered" reason="no-response" reason_ttl="0"/><service name="isakmp" method="table" conf="3"/></port>
<port protocol="udp" portid="514"><state state="open|filtered" reason="no-response" reason_ttl="0"/><service name="syslog" method="table" conf="3"/></port>
<port protocol="udp" portid="520"><state state="open|filtered" reason="no-response" reason_ttl="0"/><service name="route" method="table" conf="3"/></port>
<port protocol="udp" portid="631"><state state="open|filtered" reason="no-response" reason_ttl="0"/><service name="ipp" method="table" conf="3"/></port>
<port protocol="udp" portid="1434"><state state="open|filtered" reason="no-response" reason_ttl="0"/><service name="ms-sql-m" method="table" conf="3"/></port>
<port protocol="udp" portid="1900"><state state="open|filtered" reason="no-response" reason_ttl="0"/><service name="upnp" method="table" conf="3"/></port>
<port protocol="udp" portid="4500"><state state="open|filtered" reason="no-response" reason_ttl="0"/><service name="nat-t-ike" method="table" conf="3"/></port>
<port protocol="udp" portid="49152"><state state="open|filtered" reason="no-response" reason_ttl="0"/><service name="unknown" method="table" conf="3"/></port>
</ports>
<os><osfingerprint fingerprint="SCAN(V=7.70%E=4%D=10/19%OT=%CT=%CU=%PV=Y%DS=2%DC=T%G=N%TM=5DAB5A36%P=i686-pc-linux-gnu)&#xa;SEQ(II=I)&#xa;U1(R=N)&#xa;IE(R=Y%DFI=N%TG=80%CD=Z)&#xa;"/>
</os>
<distance value="2"/>
<trace proto="icmp">
<hop ttl="1" ipaddr="10.10.14.1" rtt="20.41"/>
<hop ttl="2" ipaddr="10.10.10.74" rtt="20.43"/>
</trace>
<times srtt="19336" rttvar="2066" to="100000"/>
</host>
<taskbegin task="NSE" time="1571510838"/>
<taskend task="NSE" time="1571510838"/>
<taskbegin task="NSE" time="1571510838"/>
<taskend task="NSE" time="1571510838"/>
<runstats><finished time="1571510838" timestr="Sat Oct 19 14:47:18 2019" elapsed="263.40" summary="Nmap done at Sat Oct 19 14:47:18 2019; 1 IP address (1 host up) scanned in 263.40 seconds" exit="success"/><hosts up="1" down="0" total="1"/>
</runstats>
</nmaprun>
