<?xml version="1.0" encoding="UTF-8"?>
<!DOCTYPE nmaprun>
<?xml-stylesheet href="file:///usr/bin/../share/nmap/nmap.xsl" type="text/xsl"?>
<!-- Nmap 7.70 scan initiated Sat Oct 19 15:41:29 2019 as: nmap -vv -&#45;reason -Pn -sV -p 9255 &quot;-&#45;script=banner,(http* or ssl*) and not (brute or broadcast or dos or external or http-slowloris* or fuzzer)&quot; -oN /root/Desktop/pentesting-tools/AutoRecon-master/results/10.10.10.74/scans/tcp_9255_http_nmap.txt -oX /root/Desktop/pentesting-tools/AutoRecon-master/results/10.10.10.74/scans/xml/tcp_9255_http_nmap.xml 10.10.10.74 -->
<nmaprun scanner="nmap" args="nmap -vv -&#45;reason -Pn -sV -p 9255 &quot;-&#45;script=banner,(http* or ssl*) and not (brute or broadcast or dos or external or http-slowloris* or fuzzer)&quot; -oN /root/Desktop/pentesting-tools/AutoRecon-master/results/10.10.10.74/scans/tcp_9255_http_nmap.txt -oX /root/Desktop/pentesting-tools/AutoRecon-master/results/10.10.10.74/scans/xml/tcp_9255_http_nmap.xml 10.10.10.74" start="1571514089" startstr="Sat Oct 19 15:41:29 2019" version="7.70" xmloutputversion="1.04">
<scaninfo type="syn" protocol="tcp" numservices="1" services="9255"/>
<verbose level="2"/>
<debugging level="0"/>
<taskbegin task="NSE" time="1571514090"/>
<taskend task="NSE" time="1571514090"/>
<taskbegin task="NSE" time="1571514090"/>
<taskend task="NSE" time="1571514090"/>
<taskbegin task="Parallel DNS resolution of 1 host." time="1571514090"/>
<taskend task="Parallel DNS resolution of 1 host." time="1571514090"/>
<taskbegin task="SYN Stealth Scan" time="1571514090"/>
<taskend task="SYN Stealth Scan" time="1571514090" extrainfo="1 total ports"/>
<taskbegin task="Service scan" time="1571514090"/>
<taskend task="Service scan" time="1571514096" extrainfo="1 service on 1 host"/>
<taskbegin task="NSE" time="1571514096"/>
<taskprogress task="NSE" time="1571514127" percent="99.68" remaining="1" etc="1571514127"/>
<taskend task="NSE" time="1571514134"/>
<taskbegin task="NSE" time="1571514134"/>
<taskend task="NSE" time="1571514134"/>
<host starttime="1571514090" endtime="1571514134"><status state="up" reason="user-set" reason_ttl="0"/>
<address addr="10.10.10.74" addrtype="ipv4"/>
<hostnames>
</hostnames>
<ports><port protocol="tcp" portid="9255"><state state="open" reason="syn-ack" reason_ttl="127"/><service name="http" product="AChat chat system httpd" method="probed" conf="10"/><script id="http-chrono" output="Request times for /; avg: 202.69ms; min: 201.10ms; max: 204.41ms"/><script id="http-comments-displayer" output="Couldn&apos;t find any comments."/><script id="http-csrf" output="Couldn&apos;t find any CSRF vulnerabilities."/><script id="http-devframework" output="Couldn&apos;t determine the underlying framework or CMS. Try increasing &apos;httpspider.maxpagecount&apos; value to spider more pages."/><script id="http-dombased-xss" output="Couldn&apos;t find any DOM based XSS."/><script id="http-drupal-enum" output="Nothing found amongst the top 100 resources,use -&#45;script-args number=&lt;number|all&gt; for deeper analysis)"/><script id="http-errors" output="Couldn&apos;t find any error pages."/><script id="http-favicon" output="Unknown favicon MD5: 0B6115FAE5429FEB9A494BEE6B18ABBE"/><script id="http-feed" output="Couldn&apos;t find any feeds."/><script id="http-fetch" output="Please enter the complete path of the directory to save data in."><elem key="ERROR">Please enter the complete path of the directory to save data in.</elem>
</script><script id="http-headers" output="&#xa;  Connection: close&#xa;  Server: AChat&#xa;  &#xa;  (Request type: GET)&#xa;"/><script id="http-jsonp-detection" output="Couldn&apos;t find any JSONP endpoints."/><script id="http-litespeed-sourcecode-download" output="Request with null byte did not work. This web server might not be vulnerable"/><script id="http-malware-host" output="Host appears to be clean"/><script id="http-methods" output="&#xa;  Supported Methods: GET HEAD POST OPTIONS"><table key="Supported Methods">
<elem>GET</elem>
<elem>HEAD</elem>
<elem>POST</elem>
<elem>OPTIONS</elem>
</table>
</script><script id="http-mobileversion-checker" output="No mobile version detected."/><script id="http-referer-checker" output="Couldn&apos;t find any cross-domain scripts."/><script id="http-security-headers" output="&#xa;"></script><script id="http-server-header" output="AChat"><elem>AChat</elem>
</script><script id="http-sitemap-generator" output="&#xa;  Directory structure:&#xa;  Longest directory structure:&#xa;    Depth: 0&#xa;    Dir: /&#xa;  Total files found (by extension):&#xa;    &#xa;"/><script id="http-stored-xss" output="Couldn&apos;t find any stored XSS vulnerabilities."/><script id="http-title" output="Site doesn&apos;t have a title."></script><script id="http-useragent-tester" output="&#xa;  Change in Status Code: &#xa;    PHP/: 204&#xa;    libwww: 204&#xa;    URI::Fetch: 204&#xa;    Zend_Http_Client: 204&#xa;    PHPCrawl: 204&#xa;    WWW-Mechanize/1.34: 204&#xa;    libcurl-agent/1.0: 204&#xa;    GT::WWW: 204&#xa;    MFC_Tear_Sample: 204&#xa;    PECL::HTTP: 204&#xa;    Python-urllib/2.5: 204&#xa;    Mozilla/5.0 (compatible; Nmap Scripting Engine; https://nmap.org/book/nse.html): 204&#xa;    Snoopy: 204&#xa;    http client: 204&#xa;    Wget/1.13.4 (linux-gnu): 204&#xa;    HTTP::Lite: 204&#xa;    lwp-trivial: 204"><table key="Change in Status Code">
<elem key="PHP/">204</elem>
<elem key="libwww">204</elem>
<elem key="URI::Fetch">204</elem>
<elem key="Zend_Http_Client">204</elem>
<elem key="PHPCrawl">204</elem>
<elem key="WWW-Mechanize/1.34">204</elem>
<elem key="libcurl-agent/1.0">204</elem>
<elem key="GT::WWW">204</elem>
<elem key="MFC_Tear_Sample">204</elem>
<elem key="PECL::HTTP">204</elem>
<elem key="Python-urllib/2.5">204</elem>
<elem key="Mozilla/5.0 (compatible; Nmap Scripting Engine; https://nmap.org/book/nse.html)">204</elem>
<elem key="Snoopy">204</elem>
<elem key="http client">204</elem>
<elem key="Wget/1.13.4 (linux-gnu)">204</elem>
<elem key="HTTP::Lite">204</elem>
<elem key="lwp-trivial">204</elem>
</table>
</script><script id="http-vhosts" output="&#xa;127 names had status 204"/><script id="http-wordpress-enum" output="Nothing found amongst the top 100 resources,use -&#45;script-args search-limit=&lt;number|all&gt; for deeper analysis)"/><script id="http-wordpress-users" output="[Error] Wordpress installation was not found. We couldn&apos;t find wp-login.php"/></port>
</ports>
<times srtt="16984" rttvar="16984" to="100000"/>
</host>
<taskbegin task="NSE" time="1571514134"/>
<taskend task="NSE" time="1571514134"/>
<taskbegin task="NSE" time="1571514134"/>
<taskend task="NSE" time="1571514134"/>
<runstats><finished time="1571514134" timestr="Sat Oct 19 15:42:14 2019" elapsed="45.33" summary="Nmap done at Sat Oct 19 15:42:14 2019; 1 IP address (1 host up) scanned in 45.33 seconds" exit="success"/><hosts up="1" down="0" total="1"/>
</runstats>
</nmaprun>
